Workbook

Sheet README
A1: NileConnect WFM workbook
A2: NileConnect is a fictional Cairo telecom contact centre; all data is synthetic.
A3: Yellow cells are inputs. Every other calculated cell is a live Excel formula.
A5: Sheet | B5: What it does
A6: Erlang C | B6: Staffing calculator: P(wait), service level, ASA and occupancy for any calls/AHT; finds the agents needed.
A7: Interval report | B7: Plan vs actual every 30 minutes for the outage day, with variance, over/under, totals and status.
A8: Shrinkage | B8: Planned shrinkage components with the compounded total, and actual weekly in-day shrinkage.
A9: Capacity plan | B9: 26-week required vs available FTE for AR_TECH, driven by the shrinkage total; recommended hires.
A10: Adherence | B10: Agent adherence and conformance for the outage day, coaching flags and a team summary.

Sheet Erlang C
A1: Erlang C staffing calculator
A2: Change the yellow inputs; the table and the required agents update. P(wait) uses POISSON.DIST.
A4: Calls per interval | B4: 100
A5: AHT (seconds) | B5: 180
A6: Interval length (seconds) | B6: 1800
A7: Service level target | B7: 0.8
A8: Answer within (seconds) | B8: 20
A9: Maximum occupancy | B9: 0.88
A11: Traffic intensity (Erlangs) | B11: =B4*B5/B6 -> 10
A12: Required agents | B12: =INDEX(A15:A44,MATCH(TRUE,F15:F44,0)) -> 14
A13: Service level at that staffing | B13: =INDEX(C15:C44,MATCH(TRUE,F15:F44,0)) -> 0.88835002
A14: Agents | B14: P(wait) | C14: Service level | D14: ASA (s) | E14: Occupancy | F14: Meets target
A15: =MAX(1,INT(B11)+1) -> 11 | B15: =IF(A15<=$B$11,1,_xlfn.POISSON.DIST(A15,$B$11,FALSE)/(_xlfn.POISSON.DIST(A15,$B$11,FALSE)+(1-$B$11/A15)*_xlfn.POISSON.DIST(A15-1,$B$11,TRUE))) -> 0.6821182 | C15: =IF(A15<=$B$11,0,1-B15*EXP(-(A15-$B$11)*$B$8/$B$5)) -> 0.38961381 | D15: =IF(A15<=$B$11,"",B15*$B$5/(A15-$B$11)) -> 122.78128 | E15: =MIN(1,$B$11/A15) -> 0.90909091 | F15: =AND(C15>=$B$7,E15<=$B$9) -> FALSE
A16: =A15+1 -> 12 | B16: =IF(A16<=$B$11,1,_xlfn.POISSON.DIST(A16,$B$11,FALSE)/(_xlfn.POISSON.DIST(A16,$B$11,FALSE)+(1-$B$11/A16)*_xlfn.POISSON.DIST(A16-1,$B$11,TRUE))) -> 0.44938822 | C16: =IF(A16<=$B$11,0,1-B16*EXP(-(A16-$B$11)*$B$8/$B$5)) -> 0.64015804 | D16: =IF(A16<=$B$11,"",B16*$B$5/(A16-$B$11)) -> 40.44494 | E16: =MIN(1,$B$11/A16) -> 0.83333333 | F16: =AND(C16>=$B$7,E16<=$B$9) -> FALSE
A17: =A16+1 -> 13 | B17: =IF(A17<=$B$11,1,_xlfn.POISSON.DIST(A17,$B$11,FALSE)/(_xlfn.POISSON.DIST(A17,$B$11,FALSE)+(1-$B$11/A17)*_xlfn.POISSON.DIST(A17-1,$B$11,TRUE))) -> 0.28527045 | C17: =IF(A17<=$B$11,0,1-B17*EXP(-(A17-$B$11)*$B$8/$B$5)) -> 0.79559479 | D17: =IF(A17<=$B$11,"",B17*$B$5/(A17-$B$11)) -> 17.116227 | E17: =MIN(1,$B$11/A17) -> 0.76923077 | F17: =AND(C17>=$B$7,E17<=$B$9) -> FALSE
A18: =A17+1 -> 14 | B18: =IF(A18<=$B$11,1,_xlfn.POISSON.DIST(A18,$B$11,FALSE)/(_xlfn.POISSON.DIST(A18,$B$11,FALSE)+(1-$B$11/A18)*_xlfn.POISSON.DIST(A18-1,$B$11,TRUE))) -> 0.17413193 | C18: =IF(A18<=$B$11,0,1-B18*EXP(-(A18-$B$11)*$B$8/$B$5)) -> 0.88835002 | D18: =IF(A18<=$B$11,"",B18*$B$5/(A18-$B$11)) -> 7.835937 | E18: =MIN(1,$B$11/A18) -> 0.71428571 | F18: =AND(C18>=$B$7,E18<=$B$9) -> TRUE
A19: =A18+1 -> 15 | B19: =IF(A19<=$B$11,1,_xlfn.POISSON.DIST(A19,$B$11,FALSE)/(_xlfn.POISSON.DIST(A19,$B$11,FALSE)+(1-$B$11/A19)*_xlfn.POISSON.DIST(A19-1,$B$11,TRUE))) -> 0.10204237 | C19: =IF(A19<=$B$11,0,1-B19*EXP(-(A19-$B$11)*$B$8/$B$5)) -> 0.94145284 | D19: =IF(A19<=$B$11,"",B19*$B$5/(A19-$B$11)) -> 3.6735252 | E19: =MIN(1,$B$11/A19) -> 0.66666667 | F19: =AND(C19>=$B$7,E19<=$B$9) -> TRUE
A20: =A19+1 -> 16 | B20: =IF(A20<=$B$11,1,_xlfn.POISSON.DIST(A20,$B$11,FALSE)/(_xlfn.POISSON.DIST(A20,$B$11,FALSE)+(1-$B$11/A20)*_xlfn.POISSON.DIST(A20-1,$B$11,TRUE))) -> 0.057340331 | C20: =IF(A20<=$B$11,0,1-B20*EXP(-(A20-$B$11)*$B$8/$B$5)) -> 0.97056049 | D20: =IF(A20<=$B$11,"",B20*$B$5/(A20-$B$11)) -> 1.7202099 | E20: =MIN(1,$B$11/A20) -> 0.625 | F20: =AND(C20>=$B$7,E20<=$B$9) -> TRUE
A21: =A20+1 -> 17 | B21: =IF(A21<=$B$11,1,_xlfn.POISSON.DIST(A21,$B$11,FALSE)/(_xlfn.POISSON.DIST(A21,$B$11,FALSE)+(1-$B$11/A21)*_xlfn.POISSON.DIST(A21-1,$B$11,TRUE))) -> 0.03087611 | C21: =IF(A21<=$B$11,0,1-B21*EXP(-(A21-$B$11)*$B$8/$B$5)) -> 0.98581472 | D21: =IF(A21<=$B$11,"",B21*$B$5/(A21-$B$11)) -> 0.79395711 | E21: =MIN(1,$B$11/A21) -> 0.58823529 | F21: =AND(C21>=$B$7,E21<=$B$9) -> TRUE
A22: =A21+1 -> 18 | B22: =IF(A22<=$B$11,1,_xlfn.POISSON.DIST(A22,$B$11,FALSE)/(_xlfn.POISSON.DIST(A22,$B$11,FALSE)+(1-$B$11/A22)*_xlfn.POISSON.DIST(A22-1,$B$11,TRUE))) -> 0.015928277 | C22: =IF(A22<=$B$11,0,1-B22*EXP(-(A22-$B$11)*$B$8/$B$5)) -> 0.99345169 | D22: =IF(A22<=$B$11,"",B22*$B$5/(A22-$B$11)) -> 0.35838624 | E22: =MIN(1,$B$11/A22) -> 0.55555556 | F22: =AND(C22>=$B$7,E22<=$B$9) -> TRUE
A23: =A22+1 -> 19 | B23: =IF(A23<=$B$11,1,_xlfn.POISSON.DIST(A23,$B$11,FALSE)/(_xlfn.POISSON.DIST(A23,$B$11,FALSE)+(1-$B$11/A23)*_xlfn.POISSON.DIST(A23-1,$B$11,TRUE))) -> 0.0078735575 | C23: =IF(A23<=$B$11,0,1-B23*EXP(-(A23-$B$11)*$B$8/$B$5)) -> 0.99710348 | D23: =IF(A23<=$B$11,"",B23*$B$5/(A23-$B$11)) -> 0.15747115 | E23: =MIN(1,$B$11/A23) -> 0.52631579 | F23: =AND(C23>=$B$7,E23<=$B$9) -> TRUE
A24: =A23+1 -> 20 | B24: =IF(A24<=$B$11,1,_xlfn.POISSON.DIST(A24,$B$11,FALSE)/(_xlfn.POISSON.DIST(A24,$B$11,FALSE)+(1-$B$11/A24)*_xlfn.POISSON.DIST(A24-1,$B$11,TRUE))) -> 0.003731126 | C24: =IF(A24<=$B$11,0,1-B24*EXP(-(A24-$B$11)*$B$8/$B$5)) -> 0.99877174 | D24: =IF(A24<=$B$11,"",B24*$B$5/(A24-$B$11)) -> 0.067160269 | E24: =MIN(1,$B$11/A24) -> 0.5 | F24: =AND(C24>=$B$7,E24<=$B$9) -> TRUE
A25: =A24+1 -> 21 | B25: =IF(A25<=$B$11,1,_xlfn.POISSON.DIST(A25,$B$11,FALSE)/(_xlfn.POISSON.DIST(A25,$B$11,FALSE)+(1-$B$11/A25)*_xlfn.POISSON.DIST(A25-1,$B$11,TRUE))) -> 0.0016962541 | C25: =IF(A25<=$B$11,0,1-B25*EXP(-(A25-$B$11)*$B$8/$B$5)) -> 0.99950033 | D25: =IF(A25<=$B$11,"",B25*$B$5/(A25-$B$11)) -> 0.027756885 | E25: =MIN(1,$B$11/A25) -> 0.47619048 | F25: =AND(C25>=$B$7,E25<=$B$9) -> TRUE
A26: =A25+1 -> 22 | B26: =IF(A26<=$B$11,1,_xlfn.POISSON.DIST(A26,$B$11,FALSE)/(_xlfn.POISSON.DIST(A26,$B$11,FALSE)+(1-$B$11/A26)*_xlfn.POISSON.DIST(A26-1,$B$11,TRUE))) -> 0.0007404782 | C26: =IF(A26<=$B$11,0,1-B26*EXP(-(A26-$B$11)*$B$8/$B$5)) -> 0.99980481 | D26: =IF(A26<=$B$11,"",B26*$B$5/(A26-$B$11)) -> 0.011107173 | E26: =MIN(1,$B$11/A26) -> 0.45454545 | F26: =AND(C26>=$B$7,E26<=$B$9) -> TRUE
A27: =A26+1 -> 23 | B27: =IF(A27<=$B$11,1,_xlfn.POISSON.DIST(A27,$B$11,FALSE)/(_xlfn.POISSON.DIST(A27,$B$11,FALSE)+(1-$B$11/A27)*_xlfn.POISSON.DIST(A27-1,$B$11,TRUE))) -> 0.0003106982 | C27: =IF(A27<=$B$11,0,1-B27*EXP(-(A27-$B$11)*$B$8/$B$5)) -> 0.99992671 | D27: =IF(A27<=$B$11,"",B27*$B$5/(A27-$B$11)) -> 0.0043019751 | E27: =MIN(1,$B$11/A27) -> 0.43478261 | F27: =AND(C27>=$B$7,E27<=$B$9) -> TRUE
... A44: =A43+1 -> 40 | B44: =IF(A44<=$B$11,1,_xlfn.POISSON.DIST(A44,$B$11,FALSE)/(_xlfn.POISSON.DIST(A44,$B$11,FALSE)+(1-$B$11/A44)*_xlfn.POISSON.DIST(A44-1,$B$11,TRUE))) -> 7.4190594e-13 | C44: =IF(A44<=$B$11,0,1-B44*EXP(-(A44-$B$11)*$B$8/$B$5)) -> 1 | D44: =IF(A44<=$B$11,"",B44*$B$5/(A44-$B$11)) -> 4.4514357e-12 | E44: =MIN(1,$B$11/A44) -> 0.25 | F44: =AND(C44>=$B$7,E44<=$B$9) -> TRUE

Sheet Interval report
A1: Interval report - Technical Support (Arabic) - Tue 22 Sep 2026
A2: Plan vs actual every 30 minutes. Variance, over/under, totals and status are formulas.
A4: Interval | B4: Forecast | C4: Offered | D4: Volume var | E4: AHT forecast | F4: AHT actual | G4: AHT var | H4: Required | I4: Scheduled | J4: Staffed | K4: Over / under | L4: Answered in SL | M4: Abandoned | N4: Service level | O4: Abandon rate | P4: Status
A5: 00:00 | B5: 66.205997 | C5: 55 | D5: =IF(B5=0,"",C5/B5-1) -> -0.16925954 | E5: 417.26766 | F5: 377.0063 | G5: =IF(E5=0,"",F5/E5-1) -> -0.096488084 | H5: 20 | I5: 23 | J5: 22.166667 | K5: =J5-H5 -> 2.1666667 | L5: 55 | M5: 0 | N5: =IF(C5=0,1,L5/C5) -> 1 | O5: =IF(C5=0,0,M5/C5) -> 0 | P5: =IF(N5<0.7,"Below 70%",IF(N5<0.8,"Below target","On target")) -> On target
A6: 00:30 | B6: 48.293822 | C6: 55 | D6: =IF(B6=0,"",C6/B6-1) -> 0.13886204 | E6: 417.33947 | F6: 485.5551 | G6: =IF(E6=0,"",F6/E6-1) -> 0.16345357 | H6: 15 | I6: 21 | J6: 19.333333 | K6: =J6-H6 -> 4.3333333 | L6: 50 | M6: 1 | N6: =IF(C6=0,1,L6/C6) -> 0.90909091 | O6: =IF(C6=0,0,M6/C6) -> 0.018181818 | P6: =IF(N6<0.7,"Below 70%",IF(N6<0.8,"Below target","On target")) -> On target
A7: 01:00 | B7: 38.019747 | C7: 45 | D7: =IF(B7=0,"",C7/B7-1) -> 0.18359547 | E7: 425.58135 | F7: 443.8911 | G7: =IF(E7=0,"",F7/E7-1) -> 0.043022925 | H7: 13 | I7: 15 | J7: 14.833333 | K7: =J7-H7 -> 1.8333333 | L7: 39 | M7: 1 | N7: =IF(C7=0,1,L7/C7) -> 0.86666667 | O7: =IF(C7=0,0,M7/C7) -> 0.022222222 | P7: =IF(N7<0.7,"Below 70%",IF(N7<0.8,"Below target","On target")) -> On target
A8: 01:30 | B8: 29.15595 | C8: 21 | D8: =IF(B8=0,"",C8/B8-1) -> -0.27973535 | E8: 421.85847 | F8: 643.9156 | G8: =IF(E8=0,"",F8/E8-1) -> 0.52637828 | H8: 10 | I8: 14 | J8: 13.833333 | K8: =J8-H8 -> 3.8333333 | L8: 20 | M8: 0 | N8: =IF(C8=0,1,L8/C8) -> 0.95238095 | O8: =IF(C8=0,0,M8/C8) -> 0 | P8: =IF(N8<0.7,"Below 70%",IF(N8<0.8,"Below target","On target")) -> On target
A9: 02:00 | B9: 23.596995 | C9: 20 | D9: =IF(B9=0,"",C9/B9-1) -> -0.15243445 | E9: 431.12092 | F9: 335.4083 | G9: =IF(E9=0,"",F9/E9-1) -> -0.22200875 | H9: 9 | I9: 11 | J9: 10.333333 | K9: =J9-H9 -> 1.3333333 | L9: 19 | M9: 0 | N9: =IF(C9=0,1,L9/C9) -> 0.95 | O9: =IF(C9=0,0,M9/C9) -> 0 | P9: =IF(N9<0.7,"Below 70%",IF(N9<0.8,"Below target","On target")) -> On target
A10: 02:30 | B10: 19.243332 | C10: 21 | D10: =IF(B10=0,"",C10/B10-1) -> 0.091287091 | E10: 433.23116 | F10: 391.6335 | G10: =IF(E10=0,"",F10/E10-1) -> -0.096017239 | H10: 8 | I10: 9 | J10: 8.3333333 | K10: =J10-H10 -> 0.33333333 | L10: 20 | M10: 0 | N10: =IF(C10=0,1,L10/C10) -> 0.95238095 | O10: =IF(C10=0,0,M10/C10) -> 0 | P10: =IF(N10<0.7,"Below 70%",IF(N10<0.8,"Below target","On target")) -> On target
A11: 03:00 | B11: 17.906565 | C11: 19 | D11: =IF(B11=0,"",C11/B11-1) -> 0.061063371 | E11: 439.40481 | F11: 439.0733 | G11: =IF(E11=0,"",F11/E11-1) -> -0.00075444671 | H11: 7 | I11: 9 | J11: 9 | K11: =J11-H11 -> 2 | L11: 18 | M11: 0 | N11: =IF(C11=0,1,L11/C11) -> 0.94736842 | O11: =IF(C11=0,0,M11/C11) -> 0 | P11: =IF(N11<0.7,"Below 70%",IF(N11<0.8,"Below target","On target")) -> On target
A12: 03:30 | B12: 18.720607 | C12: 18 | D12: =IF(B12=0,"",C12/B12-1) -> -0.038492713 | E12: 428.95987 | F12: 407.4409 | G12: =IF(E12=0,"",F12/E12-1) -> -0.050165456 | H12: 7 | I12: 10 | J12: 9.5 | K12: =J12-H12 -> 2.5 | L12: 17 | M12: 1 | N12: =IF(C12=0,1,L12/C12) -> 0.94444444 | O12: =IF(C12=0,0,M12/C12) -> 0.055555556 | P12: =IF(N12<0.7,"Below 70%",IF(N12<0.8,"Below target","On target")) -> On target
A13: 04:00 | B13: 18.31211 | C13: 16 | D13: =IF(B13=0,"",C13/B13-1) -> -0.12626123 | E13: 423.68482 | F13: 436.6194 | G13: =IF(E13=0,"",F13/E13-1) -> 0.03052878 | H13: 7 | I13: 12 | J13: 12 | K13: =J13-H13 -> 5 | L13: 16 | M13: 0 | N13: =IF(C13=0,1,L13/C13) -> 1 | O13: =IF(C13=0,0,M13/C13) -> 0 | P13: =IF(N13<0.7,"Below 70%",IF(N13<0.8,"Below target","On target")) -> On target
A14: 04:30 | B14: 19.38306 | C14: 18 | D14: =IF(B14=0,"",C14/B14-1) -> -0.071354063 | E14: 432.69878 | F14: 316.4647 | G14: =IF(E14=0,"",F14/E14-1) -> -0.26862586 | H14: 8 | I14: 14 | J14: 14 | K14: =J14-H14 -> 6 | L14: 18 | M14: 0 | N14: =IF(C14=0,1,L14/C14) -> 1 | O14: =IF(C14=0,0,M14/C14) -> 0 | P14: =IF(N14<0.7,"Below 70%",IF(N14<0.8,"Below target","On target")) -> On target
A15: 05:00 | B15: 22.68473 | C15: 17 | D15: =IF(B15=0,"",C15/B15-1) -> -0.25059719 | E15: 426.87933 | F15: 368.7923 | G15: =IF(E15=0,"",F15/E15-1) -> -0.13607365 | H15: 9 | I15: 18 | J15: 17.166667 | K15: =J15-H15 -> 8.1666667 | L15: 17 | M15: 0 | N15: =IF(C15=0,1,L15/C15) -> 1 | O15: =IF(C15=0,0,M15/C15) -> 0 | P15: =IF(N15<0.7,"Below 70%",IF(N15<0.8,"Below target","On target")) -> On target
A16: 05:30 | B16: 26.035321 | C16: 26 | D16: =IF(B16=0,"",C16/B16-1) -> -0.0013566517 | E16: 421.34213 | F16: 459.392 | G16: =IF(E16=0,"",F16/E16-1) -> 0.090306339 | H16: 9 | I16: 22 | J16: 21.666667 | K16: =J16-H16 -> 12.666667 | L16: 26 | M16: 0 | N16: =IF(C16=0,1,L16/C16) -> 1 | O16: =IF(C16=0,0,M16/C16) -> 0 | P16: =IF(N16<0.7,"Below 70%",IF(N16<0.8,"Below target","On target")) -> On target
... A52: 23:30 | B52: 87.949302 | C52: 109 | D52: =IF(B52=0,"",C52/B52-1) -> 0.23935038 | E52: 406.37516 | F52: 407.9693 | G52: =IF(E52=0,"",F52/E52-1) -> 0.0039228305 | H52: 25 | I52: 25 | J52: 24 | K52: =J52-H52 -> -1 | L52: 61 | M52: 8 | N52: =IF(C52=0,1,L52/C52) -> 0.55963303 | O52: =IF(C52=0,0,M52/C52) -> 0.073394495 | P52: =IF(N52<0.7,"Below 70%",IF(N52<0.8,"Below target","On target")) -> Below 70%
A53: Day | B53: =SUM(B5:B52) -> 5599.6569 | C53: =SUM(C5:C52) -> 7594 | D53: =C53/B53-1 -> 0.35615452 | F53: =SUMPRODUCT(F5:F52,C5:C52)/C53 -> 354.96828 | L53: =SUM(L5:L52) -> 3700 | M53: =SUM(M5:M52) -> 1517 | N53: =L53/C53 -> 0.48722676 | O53: =M53/C53 -> 0.19976297

Sheet Shrinkage
A1: Shrinkage report
A2: Planned components are inputs. Total = 1 - product of (1 - each), via EXP(SUMPRODUCT(LN(1 - range))).
A4: Component | B4: Type | C4: Planned
A5: Annual leave | B5: Planned | C5: 0.081
A6: Training | B6: Planned | C6: 0.025
A7: Coaching | B7: Planned | C7: 0.02
A8: Meetings | B8: Planned | C8: 0.01
A9: Sickness | B9: Unplanned | C9: 0.04
A10: Absence | B10: Unplanned | C10: 0.03
A11: Aux overrun | B11: Unplanned | C11: 0.015
A12: Total (compounded) | C12: =1-EXP(SUMPRODUCT(LN(1-C5:C11))) -> 0.20262871
A13: Simple sum (overstates) | C13: =SUM(C5:C11) -> 0.221
A14: Unplanned (compounded) | C14: =1-EXP(SUMPRODUCT((B5:B11="Unplanned")*LN(1-C5:C11))) -> 0.082768
A16: Actual in-day shrinkage by week (scheduled phone time lost to absence and aux)
A17: Week starting | B17: Queue | C17: Scheduled hours | D17: Staffed hours | E17: Hours lost | F17: In-day shrinkage
A18: 02 Aug 2026 | B18: AR_BILLING | C18: 3873.5 | D18: 3573 | E18: =C18-D18 -> 300.5 | F18: =1-D18/C18 -> 0.077578417
A19: 02 Aug 2026 | B19: AR_TECH | C19: 5265 | D19: 4844 | E19: =C19-D19 -> 421 | F19: =1-D19/C19 -> 0.079962013
A20: 02 Aug 2026 | B20: EN_SUPPORT | C20: 1285.5 | D20: 1181.5 | E20: =C20-D20 -> 104 | F20: =1-D20/C20 -> 0.080902373
A21: 02 Aug 2026 | B21: SALES | C21: 2125 | D21: 1947.5 | E21: =C21-D21 -> 177.5 | F21: =1-D21/C21 -> 0.083529412
A22: 09 Aug 2026 | B22: AR_BILLING | C22: 3609 | D22: 3329 | E22: =C22-D22 -> 280 | F22: =1-D22/C22 -> 0.077583818
A23: 09 Aug 2026 | B23: AR_TECH | C23: 5173.5 | D23: 4794.5 | E23: =C23-D23 -> 379 | F23: =1-D23/C23 -> 0.073257949
A24: 09 Aug 2026 | B24: EN_SUPPORT | C24: 1279 | D24: 1184 | E24: =C24-D24 -> 95 | F24: =1-D24/C24 -> 0.074276779
A25: 09 Aug 2026 | B25: SALES | C25: 2096 | D25: 1928.5 | E25: =C25-D25 -> 167.5 | F25: =1-D25/C25 -> 0.079914122
A26: 16 Aug 2026 | B26: AR_BILLING | C26: 3677 | D26: 3393 | E26: =C26-D26 -> 284 | F26: =1-D26/C26 -> 0.077236878
A27: 16 Aug 2026 | B27: AR_TECH | C27: 5330.5 | D27: 4947.5 | E27: =C27-D27 -> 383 | F27: =1-D27/C27 -> 0.071850671
A28: 16 Aug 2026 | B28: EN_SUPPORT | C28: 1300 | D28: 1208.5 | E28: =C28-D28 -> 91.5 | F28: =1-D28/C28 -> 0.070384615
A29: 16 Aug 2026 | B29: SALES | C29: 2039.5 | D29: 1886 | E29: =C29-D29 -> 153.5 | F29: =1-D29/C29 -> 0.075263545
... A49: 20 Sep 2026 | B49: SALES | C49: 1991 | D49: 1843 | E49: =C49-D49 -> 148 | F49: =1-D49/C49 -> 0.074334505

Sheet Capacity plan
A1: 26-week capacity plan - Technical Support (Arabic)
A2: Required FTE = agent-hours / (1 - total shrinkage on the Shrinkage sheet) / 40h. Change shrinkage there and this sheet updates.
A3: Contract hours per week | B3: 40
A5: Week starting | B5: Forecast calls | C5: Agent-hours needed | D5: Required FTE | E5: Available FTE | F5: Gap FTE | G5: Gap % | H5: New hires starting training
A6: 04 Oct 2026 | B6: 33940.994 | C6: 4423.5 | D6: =C6/(1-Shrinkage!$C$12)/$B$3 -> 138.69009 | E6: 152 | F6: =E6-D6 -> 13.309905 | G6: =F6/D6 -> 0.095968679 | H6: 0
A7: 11 Oct 2026 | B7: 35843.707 | C7: 4644.5 | D7: =C7/(1-Shrinkage!$C$12)/$B$3 -> 145.61911 | E7: 150.75543 | F7: =E7-D7 -> 5.1363187 | G7: =F7/D7 -> 0.035272284 | H7: 0
A8: 18 Oct 2026 | B8: 35971.073 | C8: 4658.5 | D8: =C8/(1-Shrinkage!$C$12)/$B$3 -> 146.05806 | E8: 149.52105 | F8: =E8-D8 -> 3.4629983 | G8: =F8/D8 -> 0.023709738 | H8: 0
A9: 25 Oct 2026 | B9: 36095.905 | C9: 4676.5 | D9: =C9/(1-Shrinkage!$C$12)/$B$3 -> 146.62241 | E9: 148.29678 | F9: =E9-D9 -> 1.6743728 | G9: =F9/D9 -> 0.011419624 | H9: 0
A10: 01 Nov 2026 | B10: 37985.196 | C10: 4894.5 | D10: =C10/(1-Shrinkage!$C$12)/$B$3 -> 153.45737 | E10: 147.08254 | F10: =E10-D10 -> -6.3748329 | G10: =F10/D10 -> -0.041541393 | H10: 21
A11: 08 Nov 2026 | B11: 37140.844 | C11: 4796.5 | D11: =C11/(1-Shrinkage!$C$12)/$B$3 -> 150.38477 | E11: 145.87823 | F11: =E11-D11 -> -4.5065413 | G11: =F11/D11 -> -0.029966739 | H11: 0
A12: 15 Nov 2026 | B12: 36387.065 | C12: 4712 | D12: =C12/(1-Shrinkage!$C$12)/$B$3 -> 147.73544 | E12: 144.68379 | F12: =E12-D12 -> -3.0516547 | G12: =F12/D12 -> -0.020656213 | H12: 0
A13: 22 Nov 2026 | B13: 36722.962 | C13: 4750 | D13: =C13/(1-Shrinkage!$C$12)/$B$3 -> 148.92686 | E13: 143.49912 | F13: =E13-D13 -> -5.4277333 | G13: =F13/D13 -> -0.036445631 | H13: 0
A14: 29 Nov 2026 | B14: 38283.286 | C14: 4929.5 | D14: =C14/(1-Shrinkage!$C$12)/$B$3 -> 154.55472 | E14: 153.03416 | F14: =E14-D14 -> -1.5205646 | G14: =F14/D14 -> -0.0098383574 | H14: 0
A15: 06 Dec 2026 | B15: 37898.769 | C15: 4883.5 | D15: =C15/(1-Shrinkage!$C$12)/$B$3 -> 153.11249 | E15: 151.78112 | F15: =E15-D15 -> -1.3313618 | G15: =F15/D15 -> -0.0086953182 | H15: 0
A16: 13 Dec 2026 | B16: 37846.983 | C16: 4877 | D16: =C16/(1-Shrinkage!$C$12)/$B$3 -> 152.90869 | E16: 157.5619 | F16: =E16-D16 -> 4.6532112 | G16: =F16/D16 -> 0.030431306 | H16: 17
A17: 20 Dec 2026 | B17: 36961.857 | C17: 4776 | D17: =C17/(1-Shrinkage!$C$12)/$B$3 -> 149.74204 | E17: 156.27179 | F17: =E17-D17 -> 6.5297573 | G17: =F17/D17 -> 0.043606709 | H17: 0
... A31: 28 Mar 2027 | B31: 38218.143 | C31: 4922 | D31: =C31/(1-Shrinkage!$C$12)/$B$3 -> 154.31958 | E31: 157.25688 | F31: =E31-D31 -> 2.9373053 | G31: =F31/D31 -> 0.019033912 | H31: 0
A32: Total hires | H32: =SUM(H6:H31) -> 44

Sheet Adherence
A1: Schedule adherence - Technical Support (Arabic) - Tue 22 Sep 2026
A2: Adherence = in-adherence minutes / scheduled minutes. Conformance = phone minutes worked / phone minutes scheduled.
A3: Coaching threshold | B3: 0.85
A5: Agent | B5: Team | C5: Scheduled min | D5: Out of adherence min | E5: Adherence | F5: Scheduled phone min | G5: Phone min worked | H5: Conformance | I5: Unscheduled aux min | J5: Action | L5: Team | M5: Agents | N5: Average adherence | O5: Average conformance
A6: NC-TS-0104 | B6: Team 08 | C6: 510 | D6: 510 | E6: =1-D6/C6 -> 0 | F6: 450 | G6: 0 | H6: =IF(F6=0,0,G6/F6) -> 0 | I6: 0 | J6: =IF(E6<$B$3,"Coach","") -> Coach | L6: Team 01 | M6: =COUNTIF($B$6:$B$134,L6) -> 14 | N6: =AVERAGEIFS($E$6:$E$134,$B$6:$B$134,L6) -> 0.91468254 | O6: =AVERAGEIFS($H$6:$H$134,$B$6:$B$134,L6) -> 0.91865079
A7: NC-TS-0063 | B7: Team 05 | C7: 540 | D7: 55 | E7: =1-D7/C7 -> 0.89814815 | F7: 480 | G7: 455 | H7: =IF(F7=0,0,G7/F7) -> 0.94791667 | I7: 10 | J7: =IF(E7<$B$3,"Coach","") | L7: Team 02 | M7: =COUNTIF($B$6:$B$134,L7) -> 14 | N7: =AVERAGEIFS($E$6:$E$134,$B$6:$B$134,L7) -> 0.97161281 | O7: =AVERAGEIFS($H$6:$H$134,$B$6:$B$134,L7) -> 0.975
A8: NC-TS-0036 | B8: Team 03 | C8: 540 | D8: 50 | E8: =1-D8/C8 -> 0.90740741 | F8: 450 | G8: 430 | H8: =IF(F8=0,0,G8/F8) -> 0.95555556 | I8: 5 | J8: =IF(E8<$B$3,"Coach","") | L8: Team 03 | M8: =COUNTIF($B$6:$B$134,L8) -> 14 | N8: =AVERAGEIFS($E$6:$E$134,$B$6:$B$134,L8) -> 0.97222222 | O8: =AVERAGEIFS($H$6:$H$134,$B$6:$B$134,L8) -> 0.97908872
A9: NC-TS-0103 | B9: Team 08 | C9: 510 | D9: 45 | E9: =1-D9/C9 -> 0.91176471 | F9: 450 | G9: 405 | H9: =IF(F9=0,0,G9/F9) -> 0.9 | I9: 25 | J9: =IF(E9<$B$3,"Coach","") | L9: Team 04 | M9: =COUNTIF($B$6:$B$134,L9) -> 14 | N9: =AVERAGEIFS($E$6:$E$134,$B$6:$B$134,L9) -> 0.98677249 | O9: =AVERAGEIFS($H$6:$H$134,$B$6:$B$134,L9) -> 0.99086593
A10: NC-TS-0077 | B10: Team 06 | C10: 540 | D10: 45 | E10: =1-D10/C10 -> 0.91666667 | F10: 450 | G10: 415 | H10: =IF(F10=0,0,G10/F10) -> 0.92222222 | I10: 10 | J10: =IF(E10<$B$3,"Coach","") | L10: Team 05 | M10: =COUNTIF($B$6:$B$134,L10) -> 14 | N10: =AVERAGEIFS($E$6:$E$134,$B$6:$B$134,L10) -> 0.9728836 | O10: =AVERAGEIFS($H$6:$H$134,$B$6:$B$134,L10) -> 0.98105159
A11: NC-TS-0102 | B11: Team 08 | C11: 510 | D11: 45 | E11: =1-D11/C11 -> 0.91176471 | F11: 450 | G11: 435 | H11: =IF(F11=0,0,G11/F11) -> 0.96666667 | I11: 15 | J11: =IF(E11<$B$3,"Coach","") | L11: Team 06 | M11: =COUNTIF($B$6:$B$134,L11) -> 14 | N11: =AVERAGEIFS($E$6:$E$134,$B$6:$B$134,L11) -> 0.96759259 | O11: =AVERAGEIFS($H$6:$H$134,$B$6:$B$134,L11) -> 0.97574405
A12: NC-TS-0105 | B12: Team 08 | C12: 510 | D12: 40 | E12: =1-D12/C12 -> 0.92156863 | F12: 450 | G12: 410 | H12: =IF(F12=0,0,G12/F12) -> 0.91111111 | I12: 20 | J12: =IF(E12<$B$3,"Coach","") | L12: Team 07 | M12: =COUNTIF($B$6:$B$134,L12) -> 14 | N12: =AVERAGEIFS($E$6:$E$134,$B$6:$B$134,L12) -> 0.97420635 | O12: =AVERAGEIFS($H$6:$H$134,$B$6:$B$134,L12) -> 0.9767432
A13: NC-TS-0047 | B13: Team 04 | C13: 540 | D13: 40 | E13: =1-D13/C13 -> 0.92592593 | F13: 480 | G13: 470 | H13: =IF(F13=0,0,G13/F13) -> 0.97916667 | I13: 10 | J13: =IF(E13<$B$3,"Coach","") | L13: Team 08 | M13: =COUNTIF($B$6:$B$134,L13) -> 14 | N13: =AVERAGEIFS($E$6:$E$134,$B$6:$B$134,L13) -> 0.88720433 | O13: =AVERAGEIFS($H$6:$H$134,$B$6:$B$134,L13) -> 0.89130909
A14: NC-TS-0064 | B14: Team 05 | C14: 540 | D14: 40 | E14: =1-D14/C14 -> 0.92592593 | F14: 480 | G14: 450 | H14: =IF(F14=0,0,G14/F14) -> 0.9375 | I14: 20 | J14: =IF(E14<$B$3,"Coach","") | L14: Team 09 | M14: =COUNTIF($B$6:$B$134,L14) -> 14 | N14: =AVERAGEIFS($E$6:$E$134,$B$6:$B$134,L14) -> 0.97706539 | O14: =AVERAGEIFS($H$6:$H$134,$B$6:$B$134,L14) -> 0.97874672
A15: NC-TS-0078 | B15: Team 06 | C15: 540 | D15: 35 | E15: =1-D15/C15 -> 0.93518519 | F15: 420 | G15: 405 | H15: =IF(F15=0,0,G15/F15) -> 0.96428571 | I15: 0 | J15: =IF(E15<$B$3,"Coach","") | L15: Team 10 | M15: =COUNTIF($B$6:$B$134,L15) -> 3 | N15: =AVERAGEIFS($E$6:$E$134,$B$6:$B$134,L15) -> 1 | O15: =AVERAGEIFS($H$6:$H$134,$B$6:$B$134,L15) -> 1
A16: NC-TS-0024 | B16: Team 02 | C16: 210 | D16: 35 | E16: =1-D16/C16 -> 0.83333333 | F16: 180 | G16: 155 | H16: =IF(F16=0,0,G16/F16) -> 0.86111111 | I16: 20 | J16: =IF(E16<$B$3,"Coach","") -> Coach
A17: NC-TS-0107 | B17: Team 08 | C17: 480 | D17: 30 | E17: =1-D17/C17 -> 0.9375 | F17: 420 | G17: 390 | H17: =IF(F17=0,0,G17/F17) -> 0.92857143 | I17: 15 | J17: =IF(E17<$B$3,"Coach","")
A18: NC-TS-0071 | B18: Team 06 | C18: 540 | D18: 30 | E18: =1-D18/C18 -> 0.94444444 | F18: 450 | G18: 440 | H18: =IF(F18=0,0,G18/F18) -> 0.97777778 | I18: 0 | J18: =IF(E18<$B$3,"Coach","")
A19: NC-TS-0083 | B19: Team 06 | C19: 540 | D19: 30 | E19: =1-D19/C19 -> 0.94444444 | F19: 480 | G19: 460 | H19: =IF(F19=0,0,G19/F19) -> 0.95833333 | I19: 20 | J19: =IF(E19<$B$3,"Coach","")
A20: NC-TS-0009 | B20: Team 01 | C20: 60 | D20: 30 | E20: =1-D20/C20 -> 0.5 | F20: 60 | G20: 30 | H20: =IF(F20=0,0,G20/F20) -> 0.5 | I20: 20 | J20: =IF(E20<$B$3,"Coach","") -> Coach
A21: NC-TS-0058 | B21: Team 05 | C21: 540 | D21: 30 | E21: =1-D21/C21 -> 0.94444444 | F21: 420 | G21: 420 | H21: =IF(F21=0,0,G21/F21) -> 1 | I21: 0 | J21: =IF(E21<$B$3,"Coach","")
A22: NC-TS-0034 | B22: Team 03 | C22: 540 | D22: 30 | E22: =1-D22/C22 -> 0.94444444 | F22: 480 | G22: 470 | H22: =IF(F22=0,0,G22/F22) -> 0.97916667 | I22: 10 | J22: =IF(E22<$B$3,"Coach","")
A23: NC-TS-0118 | B23: Team 09 | C23: 390 | D23: 30 | E23: =1-D23/C23 -> 0.92307692 | F23: 330 | G23: 300 | H23: =IF(F23=0,0,G23/F23) -> 0.90909091 | I23: 20 | J23: =IF(E23<$B$3,"Coach","")
A24: NC-TS-0114 | B24: Team 09 | C24: 450 | D24: 30 | E24: =1-D24/C24 -> 0.93333333 | F24: 390 | G24: 360 | H24: =IF(F24=0,0,G24/F24) -> 0.92307692 | I24: 20 | J24: =IF(E24<$B$3,"Coach","")
A25: NC-TS-0088 | B25: Team 07 | C25: 540 | D25: 30 | E25: =1-D25/C25 -> 0.94444444 | F25: 480 | G25: 470 | H25: =IF(F25=0,0,G25/F25) -> 0.97916667 | I25: 10 | J25: =IF(E25<$B$3,"Coach","")
A26: NC-TS-0085 | B26: Team 07 | C26: 540 | D26: 30 | E26: =1-D26/C26 -> 0.94444444 | F26: 480 | G26: 460 | H26: =IF(F26=0,0,G26/F26) -> 0.95833333 | I26: 10 | J26: =IF(E26<$B$3,"Coach","")
A27: NC-TS-0089 | B27: Team 07 | C27: 540 | D27: 30 | E27: =1-D27/C27 -> 0.94444444 | F27: 420 | G27: 390 | H27: =IF(F27=0,0,G27/F27) -> 0.92857143 | I27: 15 | J27: =IF(E27<$B$3,"Coach","")
... A134: NC-TS-0129 | B134: Team 10 | C134: 300 | D134: 0 | E134: =1-D134/C134 -> 1 | F134: 300 | G134: 300 | H134: =IF(F134=0,0,G134/F134) -> 1 | I134: 0 | J134: =IF(E134<$B$3,"Coach","")
